Workbook

Sheet Per_15min
A1: Video file | B1: Annotated clip | C1: Site | D1: Location / camera | E1: Date | F1: Bin start | G1: Bin end | H1: Chunk # | I1: Seconds processed | J1: Include (1/0) | K1: AI bicyclists (total) | L1: AI bicyclists bike lane | M1: AI bicyclists sidewalk | N1: AI bicyclists unassigned | O1: GT bicyclists bike lane | P1: GT bicyclists sidewalk | Q1: GT bicyclists (total) | R1: Diff bicyclists (AI-GT) | S1: Abs diff | T1: Matched = MIN(AI,GT) | U1: Flag | V1: AI pedestrians | W1: GT pedestrians | X1: Diff pedestrians (AI-GT) | Y1: AI vehicles
A2: Standard_SCU8OG_2019-07-10_0000.008.mp4 | B2: annotated/smoke1/Standard_SCU8OG_2019-07-10_0000.008/Standard_SCU8OG_2019-07-10_0000.008_20190710_0700-0715.mp4 | C2: Colonial North | D2: Colonial - BL Colonial camera (SCU8OG) | E2: 2019-07-10 | F2: 07:00 AM | G2: 07:15 AM | H2: 8 | I2: 120.1 | J2: =IF(I2>=Metrics!$B$4*Metrics!$B$3,1,0) | K2: 0 | L2: 0 | M2: 0 | N2: 0 | O2: 1 | P2: 0 | Q2: =O2+P2 | R2: =K2-Q2 | S2: =ABS(R2) | T2: =MIN(K2,Q2) | U2: =IF(J2=0,"partial",IF(S2>Metrics!$B$5,"CHECK","ok")) | V2: 0 | W2: 0 | X2: =V2-W2 | Y2: 26
A3: Standard_SCU8OG_2019-07-10_0000.008.mp4 | C3: Colonial North | D3: Colonial - BL Colonial camera (SCU8OG) | E3: 2019-07-10 | F3: 07:15 AM | G3: 07:30 AM | H3: 8 | I3: 0 | J3: =IF(I3>=Metrics!$B$4*Metrics!$B$3,1,0) | K3: 0 | L3: 0 | M3: 0 | N3: 0 | O3: 1 | P3: 1 | Q3: =O3+P3 | R3: =K3-Q3 | S3: =ABS(R3) | T3: =MIN(K3,Q3) | U3: =IF(J3=0,"partial",IF(S3>Metrics!$B$5,"CHECK","ok")) | V3: 0 | W3: 1 | X3: =V3-W3 | Y3: 0
A4: Standard_SCU8OG_2019-07-10_0000.008.mp4 | C4: Colonial North | D4: Colonial - BL Colonial camera (SCU8OG) | E4: 2019-07-10 | F4: 07:30 AM | G4: 07:45 AM | H4: 8 | I4: 0 | J4: =IF(I4>=Metrics!$B$4*Metrics!$B$3,1,0) | K4: 0 | L4: 0 | M4: 0 | N4: 0 | O4: 1 | P4: 0 | Q4: =O4+P4 | R4: =K4-Q4 | S4: =ABS(R4) | T4: =MIN(K4,Q4) | U4: =IF(J4=0,"partial",IF(S4>Metrics!$B$5,"CHECK","ok")) | V4: 0 | W4: 3 | X4: =V4-W4 | Y4: 0
A5: Standard_SCU8OG_2019-07-10_0000.008.mp4 | C5: Colonial North | D5: Colonial - BL Colonial camera (SCU8OG) | E5: 2019-07-10 | F5: 07:45 AM | G5: 08:00 AM | H5: 8 | I5: 0 | J5: =IF(I5>=Metrics!$B$4*Metrics!$B$3,1,0) | K5: 0 | L5: 0 | M5: 0 | N5: 0 | O5: 0 | P5: 0 | Q5: =O5+P5 | R5: =K5-Q5 | S5: =ABS(R5) | T5: =MIN(K5,Q5) | U5: =IF(J5=0,"partial",IF(S5>Metrics!$B$5,"CHECK","ok")) | V5: 0 | W5: 0 | X5: =V5-W5 | Y5: 0

Sheet Per_hour
A1: Chunk # | B1: Video file | C1: Hour start | D1: Bins included | E1: AI bicyclists | F1: GT bicyclists | G1: Diff (AI-GT) | H1: AI pedestrians | I1: GT pedestrians | J1: Diff pedestrians | K1: AI vehicles
A2: 8 | B2: Standard_SCU8OG_2019-07-10_0000.008.mp4 | C2: 2019-07-10 07:00 AM | D2: =SUMPRODUCT((Per_15min!$H$2:$H$5=A2)*Per_15min!$J$2:$J$5) | E2: =SUMPRODUCT((Per_15min!$H$2:$H$5=A2)*Per_15min!$J$2:$J$5*Per_15min!$K$2:$K$5) | F2: =SUMPRODUCT((Per_15min!$H$2:$H$5=A2)*Per_15min!$J$2:$J$5*Per_15min!$Q$2:$Q$5) | G2: =E2-F2 | H2: =SUMPRODUCT((Per_15min!$H$2:$H$5=A2)*Per_15min!$J$2:$J$5*Per_15min!$V$2:$V$5) | I2: =SUMPRODUCT((Per_15min!$H$2:$H$5=A2)*Per_15min!$J$2:$J$5*Per_15min!$W$2:$W$5) | J2: =H2-I2 | K2: =SUMPRODUCT((Per_15min!$H$2:$H$5=A2)*Per_15min!$J$2:$J$5*Per_15min!$Y$2:$Y$5)
A3: Total | D3: =SUM(D2:D2) | E3: =SUM(E2:E2) | F3: =SUM(F2:F2) | G3: =SUM(G2:G2) | H3: =SUM(H2:H2) | I3: =SUM(I2:I2) | J3: =SUM(J2:J2) | K3: =SUM(K2:K2)

Sheet Metrics
A1: Validation metrics - Colonial North - run smoke1
A2: Blue/yellow cells are inputs; everything else is a formula over Per_15min (only rows with Include = 1).
A3: Bin length (seconds) | B3: 900 | C3: GT is counted in 15-minute bins
A4: Min coverage of a bin to include it | B4: 0.98 | C4: bins processed for < 98% of their length (e.g. a smoke test) are excluded
A5: Flag a bin if |AI - GT| bicyclists exceeds | B5: 2 | C5: tolerance for the CHECK flag; a judgement call, edit freely
A7: BICYCLISTS (bike lane + sidewalk, per 15-min bin)
A8: Bins evaluated | B8: =SUM(Per_15min!$J$2:$J$5)
A9: Total AI | B9: =SUMPRODUCT(Per_15min!$J$2:$J$5,Per_15min!$K$2:$K$5)
A10: Total GT | B10: =SUMPRODUCT(Per_15min!$J$2:$J$5,Per_15min!$Q$2:$Q$5)
A11: Bias: mean (AI - GT) per bin (+ = overcount) | B11: =IF(B8=0,"",SUMPRODUCT(Per_15min!$J$2:$J$5,Per_15min!$R$2:$R$5)/B8)
A12: MAE: mean |AI - GT| per bin | B12: =IF(B8=0,"",SUMPRODUCT(Per_15min!$J$2:$J$5,Per_15min!$S$2:$S$5)/B8)
A13: RMSE per bin | B13: =IF(B8=0,"",SQRT(SUMPRODUCT(Per_15min!$J$2:$J$5,Per_15min!$R$2:$R$5,Per_15min!$R$2:$R$5)/B8))
A14: WAPE: sum|err| / sum GT | B14: =IF(B10=0,"",SUMPRODUCT(Per_15min!$J$2:$J$5,Per_15min!$S$2:$S$5)/B10)
A15: Share of bins within +-1 | B15: =IF(B8=0,"",SUMPRODUCT(Per_15min!$J$2:$J$5,--(Per_15min!$S$2:$S$5<=1))/B8)
A16: Share of bins within +-2 | B16: =IF(B8=0,"",SUMPRODUCT(Per_15min!$J$2:$J$5,--(Per_15min!$S$2:$S$5<=2))/B8)
A17: Pearson r (AI vs GT per bin) | B17: =IFERROR((B8*SUMPRODUCT(Per_15min!$J$2:$J$5,Per_15min!$K$2:$K$5,Per_15min!$Q$2:$Q$5)-B9*B10)/SQRT((B8*SUMPRODUCT(Per_15min!$J$2:$J$5,Per_15min!$K$2:$K$5,Per_15min!$K$2:$K$5)-B9^2)*(B8*SUMPRODUCT(Per_15min!$J$2:$J$5,Per_15min!$Q$2:$Q$5,Per_15min!$Q$2:$Q$5)-B10^2)),"n/a")
A18: Count-matched precision (approx.) = sum MIN(AI,GT) / sum AI | B18: =IF(B9=0,"",SUMPRODUCT(Per_15min!$J$2:$J$5,Per_15min!$T$2:$T$5)/B9)
A19: Count-matched recall (approx.) = sum MIN(AI,GT) / sum GT | B19: =IF(B10=0,"",SUMPRODUCT(Per_15min!$J$2:$J$5,Per_15min!$T$2:$T$5)/B10)
A20: Count-matched F1 (approx.) | B20: =IFERROR(2*B18*B19/(B18+B19),"")
A21: Note: there is no per-person ground truth, so precision/recall are count-based approximations (a missed rider in one bin cancelling a false rider in the same bin is not detected). Use the annotated clips for true error types.
A23: PEDESTRIANS (North channels; reported, not the main target)
A24: Total AI | B24: =SUMPRODUCT(Per_15min!$J$2:$J$5,Per_15min!$V$2:$V$5)
A25: Total GT | B25: =SUMPRODUCT(Per_15min!$J$2:$J$5,Per_15min!$W$2:$W$5)
A26: Bias: mean (AI - GT) per bin | B26: =IF(B8=0,"",SUMPRODUCT(Per_15min!$J$2:$J$5,Per_15min!$X$2:$X$5)/B8)
A27: MAE per bin | B27: =IF(B8=0,"",SUMPRODUCT(Per_15min!$J$2:$J$5,ABS(Per_15min!$X$2:$X$5))/B8)
A28: BIKE LANE vs SIDEWALK split (needs a zones file; 0 AI = zones not set)
A29: AI bicyclists bike lane | B29: =SUMPRODUCT(Per_15min!$J$2:$J$5,Per_15min!$L$2:$L$5)
A30: GT bicyclists bike lane | B30: =SUMPRODUCT(Per_15min!$J$2:$J$5,Per_15min!$O$2:$O$5)
A31: AI bicyclists sidewalk | B31: =SUMPRODUCT(Per_15min!$J$2:$J$5,Per_15min!$M$2:$M$5)
A32: GT bicyclists sidewalk | B32: =SUMPRODUCT(Per_15min!$J$2:$J$5,Per_15min!$P$2:$P$5)
A33: AI bicyclists unassigned (no zone) | B33: =SUMPRODUCT(Per_15min!$J$2:$J$5,Per_15min!$N$2:$N$5)

Sheet Run_Log
A1: RUN SUMMARY
A2: Run name | B2: smoke1
A3: Site / location | B3: Colonial North - Colonial - BL Colonial camera (SCU8OG)
A4: Video session start (camera clock) | B4: 2019-07-10 00:00:00 (chunk .001); verified from on-screen clock on .001 = 2019-07-10 12:00:00 AM, .008 = 7:00:01 AM, .025 = 2019-07-11 12:00:01 AM
A5: Chunks processed | B5: 1: [8]
A6: Chunks expected | B6: 1 (8); missing: none
A7: Videos merged | B7: 0 - each hourly mp4 is processed on its own and the results are joined by clock time; a rider crossing an hour boundary is split across two chunks (rare)
A8: Total video duration processed | B8: 0.03 h
A9: 15-min bins in workbook | B9: 4 (0 evaluated, 4 partial/excluded)
A10: Ground truth file | B10: /orange/xiangyan/rithika/vision/vision3/best/test_colonial/ground_truth/Colonial_North_676806_07-10-2019.xls
A11: Weights | B11: /orange/xiangyan/rithika/vision/vision3/runs/detect/finetune_runs/rtdetr_v3/weights/best.pt
A12: Total runtime (sum over chunks) | B12: 4.5 min
A14: CHECKS
A15: check 1 | B15: Bicycles channels used: ['North Bike Lane', 'North Sidewalk', 'North Bike Lane', 'North Sidewalk'] -> bike-lane cols [1, 3], sidewalk cols [2, 4]
A16: check 2 | B16: Bin labels are consecutive 15-min steps starting 12:00 AM: YES
A17: check 3 | B17: GT bicyclists, all 192 bins of the .xls (48 h): 89
A18: check 4 | B18: GT CSV total for Colonial North: 89 -> MATCHES .xls
A19: check 5 | B19: video_site_mapping: folder=BL Colonial, gt_cyclist_count=89, n_mp4_chunks=48 -> GT is a 89-count over 48 h of bins; chunk count consistent with the 192 GT bins
A21: WARNINGS
A22: warning 1 | B22: chunk 8: PARTIAL run (start-frame/max-frames used), 120 s processed
A24: CHUNK 008 Standard_SCU8OG_2019-07-10_0000.008.mp4
A25: clip start (clock) | B25: 2019-07-10 07:00:00
A26: duration container / processed (s) | B26: 3599.53 / 120.12
A27: frames processed / header | B27: 3600 / 107878 (fps 29.97, 720x480)
A28: final counts (AI) | B28: bicyclists 0, pedestrians 0, vehicles 26
A29: params | B29: imgsz 1280, det_conf 0.25, track_thr 0.25, person_min_sec 3.0, stride 3, zones None
A30: runtime / device | B30: 271.5 s / cuda
A31: annotated clips | B31: annotated/smoke1/Standard_SCU8OG_2019-07-10_0000.008/Standard_SCU8OG_2019-07-10_0000.008_20190710_0700-0715.mp4
A32: finished | B32: 2026-10-02T17:20:44
